Fecha,Ventas,Precio_Unitario,Promo,dia_semana,mes
2023-01-03,1150338303,15136030.31,1.0,1,1
2023-01-04,572420892,15063707.67,1.0,2,1
2023-01-05,373414154,15558923.09,0.0,3,1
2023-01-06,1669568306,15177893.69,1.0,4,1
2023-01-07,0,15179816.58,0.0,5,1
2023-01-08,0,15181739.48,0.0,6,1
2023-01-09,0,15183662.37,0.0,0,1
2023-01-10,2201909864,15185585.27,0.0,1,1
2023-01-11,1281553843,15440407.74,0.0,2,1
2023-01-12,615779409,15789215.62,0.0,3,1
2023-01-13,469333805,15644460.16,0.0,4,1
2023-01-14,35394706,17697352.83,0.0,5,1
2023-01-15,0,16506664.76,0.0,6,1
2023-01-16,1929813063,15315976.69,0.0,0,1
2023-01-17,666222037,15493535.74,0.0,1,1
2023-01-18,1402869193,15416144.98,0.0,2,1
2023-01-19,3882387888,15165577.69,1.0,3,1
2023-01-20,1915030582,15569354.32,0.0,4,1
2023-01-21,1367640481,15541369.1,0.0,5,1
2023-01-22,0,15543359.9,0.0,6,1
2023-01-23,2331802606,15545350.71,0.0,0,1
2023-01-24,3747685177,15296674.19,0.0,1,1
2023-01-25,2797243651,15285484.43,0.0,2,1
2023-01-26,441902909,16366774.39,0.0,3,1
2023-01-27,1471092481,15649920.01,0.0,4,1
2023-01-28,2888312020,15201642.21,0.0,5,1
2023-01-29,0,15440566.08,0.0,6,1
2023-01-30,1520910525,15679489.94,0.0,0,1
2023-01-31,6064815114,15353962.31,0.0,1,1
2023-02-01,0,15437691.37,0.0,2,2
2023-02-02,620856817,15521420.42,0.0,3,2
2023-02-03,302846805,16824822.48,0.0,4,2
2023-02-04,431740621,15419307.88,0.0,5,2
2023-02-05,0,15474017.54,0.0,6,2
2023-02-06,962781086,15528727.2,0.0,0,2
2023-02-07,1103775327,15330212.87,1.0,1,2
2023-02-08,3566549197,15439606.91,0.0,2,2
2023-02-09,1552017852,16000184.04,0.0,3,2
2023-02-10,2567509068,15560661.02,0.0,4,2
2023-02-11,17925705,17925705.46,0.0,5,2
2023-02-12,0,16862944.03,0.0,6,2
2023-02-13,2607030128,15800182.59,0.0,0,2
2023-02-14,2304807869,15468509.19,0.0,1,2
2023-02-15,610235830,16950995.29,0.0,2,2
2023-02-16,2655071021,15618064.83,0.0,3,2
2023-02-17,2000693136,15509249.12,0.0,4,2
2023-02-18,2018718736,15410066.68,0.0,5,2
2023-02-19,0,15467678.71,0.0,6,2
2023-02-20,3415563964,15525290.74,0.0,0,2
2023-02-21,1687003549,15620403.23,0.0,1,2
2023-02-22,0,15613006.6,0.0,2,2
2023-02-23,1326476847,15605609.96,0.0,3,2
2023-02-24,2396766732,15463011.18,0.0,4,2
2023-02-25,3106883302,15534416.51,0.0,5,2
2023-02-26,0,15650645.9,0.0,6,2
2023-02-27,1277116899,15766875.3,0.0,0,2
2023-02-28,3702385497,15426606.24,0.0,1,2
2023-03-01,0,15474405.22,0.0,2,3
2023-03-02,403577309,15522204.2,1.0,3,3
2023-03-03,318561506,15169595.51,1.0,4,3
2023-03-04,18154059,18154059.45,0.0,5,3
2023-03-05,0,16855025.17,0.0,6,3
2023-03-06,1042251390,15555990.89,1.0,0,3
2023-03-07,1583711587,15997086.74,0.0,1,3
2023-03-08,1721771488,15652468.07,0.0,2,3
2023-03-09,724800825,16106685.0,0.0,3,3
2023-03-10,572130275,15892507.64,0.0,4,3
2023-03-11,302809712,15937353.27,0.0,5,3
2023-03-12,0,16233169.52,0.0,6,3
2023-03-13,82644929,16528985.77,0.0,0,3
2023-03-14,1510915559,15738703.74,0.0,1,3
2023-03-15,421077702,16195296.23,0.0,2,3
2023-03-16,415628630,15985716.55,0.0,3,3
2023-03-17,98395002,16399167.06,0.0,4,3
2023-03-18,18154059,18154059.45,0.0,5,3
2023-03-19,0,17306468.23,0.0,6,3
2023-03-20,0,16458877.0,0.0,0,3
2023-03-21,249780572,15611285.77,1.0,1,3
2023-03-22,214621397,15330099.81,1.0,2,3
2023-03-23,103431327,17238554.48,0.0,3,3
2023-03-24,1287622483,15702713.21,0.0,4,3
2023-03-25,36308119,18154059.45,0.0,5,3
2023-03-26,0,16902619.8,0.0,6,3
2023-03-27,1909443977,15651180.14,0.0,0,3
2023-03-28,1985252447,15631909.03,0.0,1,3
2023-03-29,2714007298,15871387.71,0.0,2,3
2023-03-30,3015495322,15871028.01,0.0,3,3
2023-03-31,3366045120,15729182.81,0.0,4,3
2023-04-01,0,15660028.83,0.0,5,4
2023-04-02,0,15590874.85,0.0,6,4
2023-04-03,217304092,15521720.87,1.0,0,4
2023-04-04,80240943,16048188.58,0.0,1,4
2023-04-05,49197501,16399167.06,0.0,2,4
2023-04-06,0,16224127.53,0.0,3,4
2023-04-07,0,16049088.01,0.0,4,4
2023-04-08,0,15874048.48,0.0,5,4
2023-04-09,0,15699008.96,0.0,6,4
2023-04-10,1288489463,15523969.43,1.0,0,4
2023-04-11,2470959218,15540624.01,1.0,1,4
2023-04-12,1407943174,15819586.22,0.0,2,4
2023-04-13,663258563,17006629.81,0.0,3,4
2023-04-14,2039069052,15685146.56,0.0,4,4
2023-04-15,1169393742,15591916.56,1.0,5,4
2023-04-16,0,16032560.11,0.0,6,4
2023-04-17,642454943,16473203.67,0.0,0,4
2023-04-18,1794347239,15739888.06,0.0,1,4
2023-04-19,1905937050,15622434.84,0.0,2,4
2023-04-20,3656046040,15691184.72,0.0,3,4
2023-04-21,1115662816,15938040.23,0.0,4,4
2023-04-22,698749750,15880676.13,0.0,5,4
2023-04-23,0,15961008.45,0.0,6,4
2023-04-24,1154976536,16041340.77,0.0,0,4
2023-04-25,3840234245,15610708.31,0.0,1,4
2023-04-26,2310648692,15718698.58,0.0,2,4
2023-04-27,3151453957,15678875.41,0.0,3,4
2023-04-28,3972289756,15825855.6,0.0,4,4
2023-04-29,3871310362,15931318.36,0.0,5,4
2023-04-30,0,16433984.09,0.0,6,4
2023-05-01,0,16936649.82,0.0,0,5
2023-05-02,104635893,17439315.54,0.0,1,5
2023-05-03,155489519,17276613.26,0.0,2,5
2023-05-04,2222510733,15651484.03,0.0,3,5
2023-05-05,54462178,18154059.45,0.0,4,5
2023-05-06,18154059,18154059.45,0.0,5,5
2023-05-07,0,17211056.92,0.0,6,5
2023-05-08,292824979,16268054.4,0.0,0,5
2023-05-09,1457861747,15675932.76,0.0,1,5
2023-05-10,2041973701,15829253.5,0.0,2,5
2023-05-11,1310365103,15980062.24,0.0,3,5
2023-05-12,727160853,15807844.62,0.0,4,5
2023-05-13,399389308,18154059.45,0.0,5,5
2023-05-14,0,17083277.65,0.0,6,5
2023-05-15,944737255,16012495.86,0.0,0,5
2023-05-16,1855814002,15727237.31,0.0,1,5
2023-05-17,2168320865,15599430.69,1.0,2,5
2023-05-18,558328099,15952231.4,0.0,3,5
2023-05-19,561505059,17015304.82,0.0,4,5
2023-05-20,181540595,18154059.45,0.0,5,5
2023-05-21,0,17569095.32,0.0,6,5
2023-05-22,0,16984131.19,0.0,0,5
2023-05-23,393580009,16399167.06,0.0,1,5
2023-05-24,2248561808,15724208.45,0.0,2,5
2023-05-25,1177290758,15697210.1,0.0,3,5
2023-05-26,517753776,16179805.51,0.0,4,5
2023-05-27,1877855914,15648799.28,0.0,5,5
2023-05-28,0,15688665.64,0.0,6,5
2023-05-29,2831135758,15728531.99,0.0,0,5
2023-05-30,3925553234,15639654.32,0.0,1,5
2023-05-31,5053293590,15693458.36,0.0,2,5
2023-06-01,65304948,16326237.03,0.0,3,6
2023-06-02,330056203,15716962.04,1.0,4,6
2023-06-03,0,15908764.97,0.0,5,6
2023-06-04,0,16100567.9,0.0,6,6
2023-06-05,439894012,16292370.83,0.0,0,6
2023-06-06,1916751121,15840918.36,0.0,1,6
2023-06-07,117060570,16722938.61,0.0,2,6
2023-06-08,120680534,17240076.32,0.0,3,6
2023-06-09,173162320,17316232.04,0.0,4,6
2023-06-10,73529648,18382412.08,0.0,5,6
2023-06-11,0,17516524.65,0.0,6,6
2023-06-12,0,16650637.21,0.0,0,6
2023-06-13,1373273230,15784749.77,1.0,1,6
2023-06-14,631343940,15783598.5,0.0,2,6
2023-06-15,382537992,15939082.99,0.0,3,6
2023-06-16,342648156,16316578.87,0.0,4,6
2023-06-17,18382412,18382412.08,0.0,5,6
2023-06-18,0,17888810.21,0.0,6,6
2023-06-19,0,17395208.34,0.0,0,6
2023-06-20,152114458,16901606.47,0.0,1,6
2023-06-21,225368373,16097740.95,0.0,2,6
2023-06-22,31433924,15716961.98,1.0,3,6
2023-06-23,190533701,15877808.39,0.0,4,6
2023-06-24,0,15830737.52,0.0,5,6
2023-06-25,0,15783666.64,0.0,6,6
2023-06-26,2439172343,15736595.76,1.0,0,6
2023-06-27,2053866867,15798975.9,1.0,1,6
2023-06-28,2575239464,15896539.9,0.0,2,6
2023-06-29,5152859765,15806318.3,0.0,3,6
2023-06-30,3714941506,16222451.99,0.0,4,6
2023-07-01,18382412,18382412.08,0.0,5,7
2023-07-02,0,17531746.76,0.0,6,7
2023-07-03,0,16681081.43,0.0,0,7
2023-07-04,1013146631,15830416.1,0.0,1,7
2023-07-05,775462040,15825755.92,0.0,2,7
2023-07-06,290901667,16161203.74,0.0,3,7
2023-07-07,417188840,16687553.62,0.0,4,7
2023-07-08,55147236,18382412.08,0.0,5,7
2023-07-09,0,17101931.91,0.0,6,7
2023-07-10,1503037916,15821451.74,0.0,0,7
2023-07-11,2349823714,15770628.95,1.0,1,7
2023-07-12,748946841,16281453.06,0.0,2,7
2023-07-13,738804292,16060962.87,0.0,3,7
2023-07-14,613237264,16137822.74,0.0,4,7
2023-07-15,144118108,16013123.1,0.0,5,7
2023-07-16,0,16198223.86,0.0,6,7
2023-07-17,196599895,16383324.62,0.0,0,7
2023-07-18,119209943,17029991.8,0.0,1,7
2023-07-19,99632673,16605445.57,0.0,2,7
2023-07-20,0,16419049.13,0.0,3,7
2023-07-21,340885706,16232652.68,0.0,4,7
2023-07-22,0,16504997.47,0.0,5,7
2023-07-23,0,16777342.25,0.0,6,7
2023-07-24,68198748,17049687.03,0.0,0,7
2023-07-25,2020373608,15784168.81,0.0,1,7
2023-07-26,2185398069,15836217.89,0.0,2,7
2023-07-27,2244732377,16033802.7,0.0,3,7
2023-07-28,1179549133,16382626.85,0.0,4,7
2023-07-29,2326386140,15825756.05,0.0,5,7
2023-07-30,0,16027072.27,0.0,6,7
2023-07-31,2434258273,16228388.49,0.0,0,7
2023-08-01,72059057,18014764.17,0.0,1,8
2023-08-02,1540726910,15883782.58,0.0,2,8
2023-08-03,573806988,15939083.01,0.0,3,8
2023-08-04,131066596,16383324.51,0.0,4,8
2023-08-05,15716962,15716961.98,1.0,5,8
2023-08-06,0,16161203.66,0.0,6,8
2023-08-07,0,16605445.35,0.0,0,8
2023-08-08,34099374,17049687.03,0.0,1,8
2023-08-09,191268994,15939082.82,0.0,2,8
2023-08-10,788702427,15774048.55,1.0,3,8
2023-08-11,290901666,16161203.66,0.0,4,8
2023-08-12,36764824,18382412.08,0.0,5,8
2023-08-13,0,17549458.93,0.0,6,8
2023-08-14,267464092,16716505.77,0.0,0,8
2023-08-15,427299165,16434583.27,0.0,1,8
2023-08-16,201930797,16827566.42,0.0,2,8
2023-08-17,66099929,16524982.23,0.0,3,8
2023-08-18,55147236,18382412.08,0.0,4,8
2023-08-19,36764824,18382412.08,0.0,5,8
2023-08-20,0,17494897.32,0.0,6,8
2023-08-21,0,16607382.56,0.0,0,8
2023-08-22,1021791407,15719867.8,1.0,1,8
2023-08-23,1013881922,15841905.04,0.0,2,8
2023-08-24,1933650953,15849597.97,0.0,3,8
2023-08-25,2031547407,16123392.12,0.0,4,8
2023-08-26,110294473,18382412.08,0.0,5,8
2023-08-27,0,17072665.11,0.0,6,8
2023-08-28,914249252,15762918.13,1.0,0,8
2023-08-29,3281392858,16006794.43,0.0,1,8
2023-08-30,1255242991,16092858.86,0.0,2,8
2023-08-31,555148839,16327907.03,0.0,3,8
2023-09-01,52389874,17463291.39,0.0,4,9
2023-09-02,18382412,18382412.08,0.0,5,9
2023-09-03,0,17555203.46,0.0,6,9
2023-09-04,83639974,16727994.83,0.0,0,9
2023-09-05,252758162,15797385.13,1.0,1,9
2023-09-06,36764824,18382412.08,0.0,2,9
2023-09-07,0,17003731.06,0.0,3,9
2023-09-08,1125003603,15625050.04,1.0,4,9
2023-09-09,0,15698579.7,0.0,5,9
2023-09-10,0,15772109.36,0.0,6,9
2023-09-11,1188422927,15845639.02,0.0,0,9
2023-09-12,888789610,15871243.04,0.0,1,9
2023-09-13,307997310,16210384.75,0.0,2,9
2023-09-14,208824201,17402016.74,0.0,3,9
2023-09-15,349265824,15875719.28,0.0,4,9
2023-09-16,18382412,18382412.08,0.0,5,9
2023-09-17,0,18152631.91,0.0,6,9
2023-09-18,107537110,17922851.74,0.0,0,9
2023-09-19,1999087294,15865772.17,0.0,1,9
2023-09-20,333828547,15896597.45,1.0,2,9
2023-09-21,2174886310,15646664.1,1.0,3,9
2023-09-22,2009197610,15820453.62,0.0,4,9
2023-09-23,1840458915,15730418.08,1.0,5,9
2023-09-24,0,15847002.86,0.0,6,9
2023-09-25,1963521281,15963587.65,0.0,0,9
2023-09-26,287872519,16933677.59,0.0,1,9
2023-09-27,228013268,16286661.98,0.0,2,9
2023-09-28,1963797007,15710376.06,1.0,3,9
2023-09-29,4685521400,15776166.33,1.0,4,9
2023-09-30,346508468,18237287.76,0.0,5,9
2023-10-01,0,17620509.4,0.0,6,10
2023-10-02,170037310,17003731.04,0.0,0,10
2023-10-03,159007862,15900786.21,0.0,1,10
2023-10-04,65257562,16314390.52,0.0,2,10
2023-10-05,303329536,15964712.41,0.0,3,10
2023-10-06,18382412,18382412.08,0.0,4,10
2023-10-07,1785399647,15799996.87,0.0,5,10
2023-10-08,0,15794658.0,0.0,6,10
2023-10-09,1626299870,15789319.13,0.0,0,10
2023-10-10,372611491,16936885.97,0.0,1,10
2023-10-11,174816739,17481673.88,0.0,2,10
2023-10-12,2581809739,15742742.31,1.0,3,10
2023-10-13,1719182374,15772315.35,1.0,4,10
2023-10-14,1350207887,15700091.71,1.0,5,10
2023-10-15,0,15828319.43,0.0,6,10
2023-10-16,0,15956547.15,0.0,0,10
2023-10-17,386034597,16084774.86,0.0,1,10
2023-10-18,1353439321,15922815.55,0.0,2,10
2023-10-19,1340261648,16147730.69,0.0,3,10
2023-10-20,1834204951,15812111.65,0.0,4,10
2023-10-21,18382412,18382412.08,0.0,5,10
2023-10-22,0,17190837.76,0.0,6,10
2023-10-23,2239896881,15999263.44,0.0,0,10
2023-10-24,2187694785,15968575.07,0.0,1,10
2023-10-25,3253686897,15794596.59,0.0,2,10
2023-10-26,2703317483,15995961.44,0.0,3,10
2023-10-27,2637708075,15794659.13,0.0,4,10
2023-10-28,1958102406,15919531.75,0.0,5,10
2023-10-29,0,15945260.44,0.0,6,10
2023-10-30,2363706390,15970989.12,0.0,0,10
2023-10-31,1321879235,16120478.48,0.0,1,10
2023-11-01,1237136315,15659953.35,1.0,2,11
2023-11-02,223074515,15933893.96,0.0,3,11
2023-11-03,46875150,15625050.0,1.0,4,11
2023-11-04,68014924,17003731.04,0.0,5,11
2023-11-05,0,16553432.16,0.0,6,11
2023-11-06,0,16103133.27,0.0,0,11
2023-11-07,1659200445,15652834.39,1.0,1,11
2023-11-08,2646899280,15662125.92,1.0,2,11
2023-11-09,2181256991,15921583.87,0.0,3,11
2023-11-10,2444504968,15770999.79,1.0,4,11
2023-11-11,0,15920025.56,0.0,5,11
2023-11-12,0,16069051.32,0.0,6,11
2023-11-13,0,16218077.08,0.0,0,11
2023-11-14,900190656,16367102.84,0.0,1,11
2023-11-15,1652578822,15890180.98,0.0,2,11
2023-11-16,610479899,16499456.73,0.0,3,11
2023-11-17,275736181,18382412.08,0.0,4,11
2023-11-18,183824121,18382412.08,0.0,5,11
2023-11-19,0,17066398.38,0.0,6,11
2023-11-20,1732542314,15750384.68,1.0,0,11
2023-11-21,435663162,16135672.66,0.0,1,11
2023-11-22,509267825,16427994.36,0.0,2,11
2023-11-23,1496328326,15918386.45,0.0,3,11
2023-11-24,1081069639,15898082.92,0.0,4,11
2023-11-25,2214349273,15704604.78,1.0,5,11
2023-11-26,0,15823629.48,0.0,6,11
2023-11-27,701476784,15942654.18,0.0,0,11
2023-11-28,324449571,17076293.2,0.0,1,11
2023-11-29,2070966464,16054003.6,0.0,2,11
2023-11-30,4623084672,15886888.91,0.0,3,11
2023-12-01,1892293365,15769111.38,0.0,4,12
2023-12-02,55147236,18382412.08,0.0,5,12
2023-12-03,0,17022245.66,0.0,6,12
2023-12-04,2411960203,15662079.24,1.0,0,12
2023-12-05,849438691,15730346.13,1.0,1,12
2023-12-06,393383615,15735344.59,1.0,2,12
2023-12-07,18382412,18382412.08,0.0,3,12
2023-12-08,0,17750516.62,0.0,4,12
2023-12-09,0,17118621.16,0.0,5,12
2023-12-10,0,16486725.69,0.0,6,12
2023-12-11,380515926,15854830.23,0.0,0,12
2023-12-12,78125250,15625050.0,1.0,1,12
2023-12-13,750002400,15625050.0,1.0,2,12
2023-12-14,1259778265,15747228.31,1.0,3,12
2023-12-15,1010573091,16040842.72,0.0,4,12
2023-12-16,18382412,18382412.08,0.0,5,12
2023-12-17,0,17215835.84,0.0,6,12
2023-12-18,625921124,16049259.59,0.0,0,12
2023-12-19,167279948,16727994.83,0.0,1,12
2023-12-20,417464576,16698583.05,0.0,2,12
2023-12-21,2419164879,15708862.85,1.0,3,12
2023-12-22,55147236,18382412.08,0.0,4,12
2023-12-23,36764824,18382412.08,0.0,5,12
2023-12-24,0,17830939.73,0.0,6,12
2023-12-25,0,17279467.37,0.0,0,12
2023-12-26,250919925,16727995.01,0.0,1,12
2023-12-27,875042285,15909859.73,0.0,2,12
2023-12-28,120404798,17200685.48,0.0,3,12
2023-12-29,3284937002,15946296.13,0.0,4,12
2023-12-30,0,16433519.32,0.0,5,12
2023-12-31,0,16920742.51,0.0,6,12
2024-01-01,0,17407965.7,0.0,0,1
2024-01-02,0,17895188.89,0.0,1,1
2024-01-03,18382412,18382412.08,0.0,2,1
2024-01-04,18382412,18382412.08,0.0,3,1
2024-01-05,49632512,16544170.69,0.0,4,1
2024-01-06,36764824,18382412.08,0.0,5,1
2024-01-07,0,17977999.01,0.0,6,1
2024-01-08,0,17573585.95,0.0,0,1
2024-01-09,85845864,17169172.88,0.0,1,1
2024-01-10,15625050,15625050.0,1.0,2,1
2024-01-11,80882612,16176522.42,0.0,3,1
2024-01-12,1672068124,15626804.89,1.0,4,1
2024-01-13,18382412,18382412.08,0.0,5,1
2024-01-14,2343757501,15625050.01,1.0,6,1
2024-01-15,248162560,16544170.69,0.0,0,1
2024-01-16,2711969066,15952759.21,0.0,1,1
2024-01-17,2603325064,16069907.8,0.0,2,1
2024-01-18,2634199622,15773650.43,0.0,3,1
2024-01-19,2235301283,15741558.33,1.0,4,1
2024-01-20,399817459,16659060.78,0.0,5,1
2024-01-21,0,16241547.84,0.0,6,1
2024-01-22,1534931386,15824034.91,0.0,0,1
2024-01-23,831991907,15999844.36,0.0,1,1
2024-01-24,1488056240,15830385.53,0.0,2,1
2024-01-25,2675016470,15922717.09,0.0,3,1
2024-01-26,3147632226,15738161.13,1.0,4,1
2024-01-27,2557369034,15884279.71,0.0,5,1
2024-01-28,1062691176,15627811.42,1.0,6,1
2024-01-29,1998168175,16114259.48,0.0,0,1
2024-01-30,438420528,18267522.0,0.0,1,1
2024-01-31,4826529479,15721594.39,1.0,2,1
2024-02-01,73529648,18382412.08,0.0,3,2
2024-02-02,937503001,15625050.02,1.0,4,2
2024-02-03,36764824,18382412.08,0.0,5,2
2024-02-04,0,17082512.87,0.0,6,2
2024-02-05,552391478,15782613.66,0.0,0,2
2024-02-06,143382812,15931423.56,0.0,1,2
2024-02-07,159007862,15900786.21,0.0,2,2
2024-02-08,109375350,15625050.0,1.0,3,2
2024-02-09,62500200,15625050.0,1.0,4,2
2024-02-10,34007462,17003731.04,0.0,5,2
2024-02-11,0,16477080.11,0.0,6,2
2024-02-12,829422317,15950429.18,0.0,0,2
2024-02-13,2516192430,15726202.68,1.0,1,2
2024-02-14,2590081828,15793181.88,0.0,2,2
2024-02-15,345589345,17279467.25,0.0,3,2
2024-02-16,4213080770,15720450.63,1.0,4,2
2024-02-17,2696887588,15771272.44,1.0,5,2
2024-02-18,0,15808244.97,0.0,6,2
2024-02-19,2661996540,15845217.5,0.0,0,2
2024-02-20,602943111,16295759.77,0.0,1,2
2024-02-21,120404798,17200685.48,0.0,2,2
2024-02-22,3795048925,15682020.35,1.0,3,2
2024-02-23,3561780069,15760088.8,0.0,4,2
2024-02-24,2251385895,15967275.85,0.0,5,2
2024-02-25,2671883562,15625050.07,1.0,6,2
2024-02-26,2381441456,16090820.65,0.0,0,2
2024-02-27,1096510873,17132982.39,0.0,1,2
2024-02-28,4311782476,15910636.44,0.0,2,2
2024-02-29,4386043474,16184662.27,0.0,3,2
2024-03-01,2006815794,15801699.17,0.0,4,3
2024-03-02,18382412,18382412.08,0.0,5,3
2024-03-03,0,17256001.31,0.0,6,3
2024-03-04,629054031,16129590.53,0.0,0,3
2024-03-05,2643390827,15641365.84,1.0,1,3
2024-03-06,1542659894,15741427.49,1.0,2,3
2024-03-07,4173726606,15631934.85,1.0,3,3
2024-03-08,2383651295,15785770.16,0.0,4,3
2024-03-09,2990274837,15655889.2,1.0,5,3
2024-03-10,0,15716656.83,0.0,6,3
2024-03-11,2303503970,15777424.45,1.0,0,3
2024-03-12,449449971,16646295.22,0.0,1,3
2024-03-13,2151577298,16177272.92,0.0,2,3
2024-03-14,2252764578,15977053.75,0.0,3,3
2024-03-15,2692475816,15931809.56,0.0,4,3
2024-03-16,2687696378,15903528.86,0.0,5,3
2024-03-17,1843755908,15625050.07,1.0,6,3
2024-03-18,1034929794,16692416.03,0.0,0,3
2024-03-19,2573181859,15883838.64,0.0,1,3
2024-03-20,3202779457,15777238.7,1.0,2,3
2024-03-21,1744866431,16461004.07,0.0,3,3
2024-03-22,3578508064,15904480.28,0.0,4,3
2024-03-23,3974129140,15708020.32,1.0,5,3
2024-03-24,0,15942969.46,0.0,6,3
2024-03-25,0,16177918.6,0.0,0,3
2024-03-26,459560297,16412867.74,0.0,1,3
2024-03-27,309743643,18220214.31,0.0,2,3
2024-03-28,0,17976917.66,0.0,3,3
2024-03-29,0,17733621.01,0.0,4,3
2024-03-30,0,17490324.35,0.0,5,3
2024-03-31,0,17247027.7,0.0,6,3
2024-04-01,34007462,17003731.04,0.0,0,4
2024-04-02,18382412,18382412.08,0.0,1,4
2024-04-03,2093944475,15626451.31,1.0,2,4
2024-04-04,2852218964,15671532.77,1.0,3,4
2024-04-05,266544973,16659060.78,0.0,4,4
2024-04-06,143566639,17945829.84,0.0,5,4
2024-04-07,0,16847073.03,0.0,6,4
2024-04-08,1433096776,15748316.22,0.0,0,4
2024-04-09,1102964448,15756634.97,1.0,1,4
2024-04-10,2711781299,15675036.41,1.0,2,4
2024-04-11,1821149493,16260263.33,0.0,3,4
2024-04-12,2148735918,15916562.36,0.0,4,4
2024-04-13,73529648,18382412.08,0.0,5,4
2024-04-14,0,18382412.08,0.0,6,4
2024-04-15,55147236,18382412.08,0.0,0,4
2024-04-16,4801485977,15742576.98,1.0,1,4
2024-04-17,421324881,16204803.11,0.0,2,4
2024-04-18,2927774628,15911818.63,0.0,3,4
2024-04-19,2191007572,15876866.47,0.0,4,4
2024-04-20,1343754304,15625050.05,1.0,5,4
2024-04-21,0,15780394.4,0.0,6,4
2024-04-22,1131437452,15935738.76,0.0,0,4
2024-04-23,2696887593,16052902.34,0.0,1,4
2024-04-24,1885116341,15975562.21,0.0,2,4
2024-04-25,3325566083,15836028.97,0.0,3,4
2024-04-26,1988617209,15908937.67,0.0,4,4
2024-04-27,4407371007,15684594.33,1.0,5,4
2024-04-28,0,15735390.18,0.0,6,4
2024-04-29,2541575950,15786186.02,1.0,0,4
2024-04-30,5144505729,15684468.68,1.0,1,4
2024-05-01,0,17033440.38,0.0,2,5
2024-05-02,110294473,18382412.08,0.0,3,5
2024-05-03,1821153435,15699598.58,1.0,4,5
2024-05-04,2800204630,15643601.29,1.0,5,5
2024-05-05,0,15672342.31,0.0,6,5
2024-05-06,2355162501,15701083.34,1.0,0,5
2024-05-07,362133513,15744935.37,1.0,1,5
2024-05-08,2272437713,16231697.95,0.0,2,5
2024-05-09,2155337784,15848071.94,0.0,3,5
2024-05-10,2502409565,15838035.22,0.0,4,5
2024-05-11,2984947874,15877382.31,0.0,5,5
2024-05-12,0,15861033.15,0.0,6,5
2024-05-13,0,15844683.99,0.0,0,5
2024-05-14,1946885184,15828334.83,0.0,1,5
2024-05-15,1885216152,15842152.54,0.0,2,5
2024-05-16,897980821,16326924.01,0.0,3,5
2024-05-17,400185112,18190232.37,0.0,4,5
2024-05-18,2274655427,15687278.81,1.0,5,5
2024-05-19,0,15792249.67,0.0,6,5
2024-05-20,1621516495,15897220.53,0.0,0,5
2024-05-21,1297982102,16024470.39,0.0,1,5
2024-05-22,2620412809,15978126.89,0.0,2,5
2024-05-23,2747271200,15788914.94,0.0,3,5
2024-05-24,3695052558,15790822.9,0.0,4,5
2024-05-25,2476294705,15672751.3,1.0,5,5
2024-05-26,0,15744744.82,0.0,6,5
2024-05-27,2957730071,15816738.35,0.0,0,5
2024-05-28,2852218974,15934184.21,0.0,1,5
2024-05-29,3181260203,16066970.72,0.0,2,5
2024-05-30,2190096340,15870263.33,0.0,3,5
2024-05-31,5433848852,15842124.93,0.0,4,5
2024-06-01,55147236,18382412.08,0.0,5,6
2024-06-02,0,17518830.07,0.0,6,6
2024-06-03,0,16655248.05,0.0,0,6
2024-06-04,1342291613,15791666.04,0.0,1,6
2024-06-05,2819150365,15661946.47,1.0,2,6
2024-06-06,1251842248,16049259.59,0.0,3,6
2024-06-07,1875925127,15764076.69,1.0,4,6
2024-06-08,110294473,18382412.08,0.0,5,6
2024-06-09,0,17525849.36,0.0,6,6
2024-06-10,0,16669286.64,0.0,0,6
2024-06-11,3020230268,15812723.92,0.0,1,6
2024-06-12,2235301278,15741558.3,1.0,2,6
2024-06-13,3098355525,15807936.35,0.0,3,6
2024-06-14,3766384203,15891916.47,0.0,4,6
2024-06-15,2728904569,15774014.85,1.0,5,6
2024-06-16,0,16008513.94,0.0,6,6
2024-06-17,584748469,16243013.03,0.0,0,6
2024-06-18,332721657,17511666.16,0.0,1,6
2024-06-19,2090080232,15833941.15,0.0,2,6
2024-06-20,2340456566,15813895.71,0.0,3,6
2024-06-21,2399823871,15788314.94,0.0,4,6
2024-06-22,2369680669,15903897.1,0.0,5,6
2024-06-23,0,15897894.34,0.0,6,6
2024-06-24,1970594555,15891891.57,0.0,0,6
2024-06-25,2389901312,15827161.01,0.0,1,6
2024-06-26,1840998554,16008683.08,0.0,2,6
2024-06-27,3573916409,15884072.93,0.0,3,6
2024-06-28,3412882546,15948049.28,0.0,4,6
2024-06-29,2998171377,15947720.09,0.0,5,6
2024-06-30,1125003603,15625050.04,1.0,6,6
2024-07-01,0,17003731.06,0.0,0,7
2024-07-02,91912060,18382412.08,0.0,1,7
2024-07-03,86397336,17279467.25,0.0,2,7
2024-07-04,1089533446,15790339.79,0.0,3,7
2024-07-05,914900531,15774147.09,0.0,4,7
2024-07-06,70772286,17693071.56,0.0,5,7
2024-07-07,0,16748580.11,0.0,6,7
2024-07-08,2402221476,15804088.66,0.0,0,7
2024-07-09,2697802757,15684899.75,1.0,1,7
2024-07-10,1979429951,15963144.77,0.0,2,7
2024-07-11,1938149595,16017765.25,0.0,3,7
2024-07-12,3088800618,15759186.83,1.0,4,7
2024-07-13,2407364599,15734409.14,1.0,5,7
2024-07-14,0,15718675.41,0.0,6,7
2024-07-15,2779420675,15702941.67,1.0,0,7
2024-07-16,1389898107,15975840.31,0.0,1,7
2024-07-17,853902512,16111368.16,0.0,2,7
2024-07-18,2481457567,15805462.21,0.0,3,7
2024-07-19,2748358353,15704904.88,1.0,4,7
2024-07-20,0,15758274.73,0.0,5,7
2024-07-21,0,15811644.58,0.0,6,7
2024-07-22,2601862368,15865014.44,0.0,0,7
2024-07-23,3366926512,15807166.72,0.0,1,7
2024-07-24,3814933520,15895556.33,0.0,2,7
2024-07-25,2319860381,16222799.87,0.0,3,7
2024-07-26,2740817606,15751825.32,1.0,4,7
2024-07-27,2979724690,15682761.53,1.0,5,7
2024-07-28,0,16018018.97,0.0,6,7
2024-07-29,850370373,16353276.41,0.0,0,7
2024-07-30,4705162141,15789134.7,0.0,1,7
2024-07-31,4597625028,15908737.12,0.0,2,7
2024-08-01,147059297,18382412.08,0.0,3,8
2024-08-02,835296794,16705935.88,0.0,4,8
2024-08-03,36764824,18382412.08,0.0,5,8
2024-08-04,0,17255137.58,0.0,6,8
2024-08-05,548347344,16127863.07,0.0,0,8
2024-08-06,222427185,17109783.43,0.0,1,8
2024-08-07,0,16423309.24,0.0,2,8
2024-08-08,1164525794,15736835.06,1.0,3,8
2024-08-09,2347433986,15754590.51,0.0,4,8
2024-08-10,72794353,18198588.13,0.0,5,8
2024-08-11,0,17021675.17,0.0,6,8
2024-08-12,2345024807,15844762.21,0.0,0,8
2024-08-13,2589370230,15885706.93,0.0,1,8
2024-08-14,2949829577,16119287.3,0.0,2,8
2024-08-15,2481269793,15804266.2,0.0,3,8
2024-08-16,1956807735,15780707.54,1.0,4,8
2024-08-17,1654417071,15756353.06,0.0,5,8
2024-08-18,0,15748629.35,0.0,6,8
2024-08-19,0,15740905.64,0.0,0,8
2024-08-20,3209569113,15733181.93,1.0,1,8
2024-08-21,1183827326,15997666.57,0.0,2,8
2024-08-22,1891194372,16027070.95,0.0,3,8
2024-08-23,220588945,18382412.08,0.0,4,8
2024-08-24,1809936217,16017134.66,0.0,5,8
2024-08-25,0,15919515.56,0.0,6,8
2024-08-26,2689722396,15821896.45,0.0,0,8
2024-08-27,1947072959,15829861.45,0.0,1,8
2024-08-28,1852947121,15837154.88,0.0,2,8
2024-08-29,2136955382,16189055.92,0.0,3,8
2024-08-30,2508299838,15875315.43,0.0,4,8
2024-08-31,3036962210,15900325.71,0.0,5,8
2024-09-01,0,17141368.9,0.0,6,9
2024-09-02,91912060,18382412.08,0.0,0,9
2024-09-03,2234382153,15625050.02,1.0,1,9
2024-09-04,451288213,16117436.18,0.0,2,9
2024-09-05,2856167262,15693226.71,1.0,3,9
2024-09-06,712318459,16189055.88,0.0,4,9
2024-09-07,2914778391,15927750.77,0.0,5,9
2024-09-08,0,16004281.56,0.0,6,9
2024-09-09,1945778293,16080812.34,0.0,0,9
2024-09-10,2541827991,15787751.5,0.0,1,9
2024-09-11,2694317993,15756245.57,1.0,2,9
2024-09-12,1709935898,15980709.33,0.0,3,9
2024-09-13,673899223,16847480.58,0.0,4,9
2024-09-14,110294473,18382412.08,0.0,5,9
2024-09-15,0,17830939.67,0.0,6,9
2024-09-16,345589345,17279467.25,0.0,0,9
2024-09-17,99265024,16544170.69,0.0,1,9
2024-09-18,86397336,17279467.25,0.0,2,9
2024-09-19,339155501,16150261.96,0.0,3,9
2024-09-20,246140500,17581464.26,0.0,4,9
2024-09-21,55147236,18382412.08,0.0,5,9
2024-09-22,0,17397639.91,0.0,6,9
2024-09-23,114890074,16412867.74,0.0,0,9
2024-09-24,1363055835,15849486.45,0.0,1,9
2024-09-25,2264713134,15837154.79,0.0,2,9
2024-09-26,2762332921,16060075.12,0.0,3,9
2024-09-27,3085675613,16071227.15,0.0,4,9
2024-09-28,4537338608,15700133.59,1.0,5,9
2024-09-29,2625947267,15630638.49,1.0,6,9
2024-09-30,3223915293,16119576.47,0.0,0,9
2024-10-01,55147236,18382412.08,0.0,1,10
2024-10-02,2537336141,15662568.77,1.0,2,10
2024-10-03,2981811025,15693742.24,1.0,3,10
2024-10-04,2581453936,15645175.37,1.0,4,10
2024-10-05,36764824,18382412.08,0.0,5,10
2024-10-06,0,17126827.58,0.0,6,10
2024-10-07,888789612,15871243.07,0.0,0,10
2024-10-08,2419960503,15816735.32,0.0,1,10
2024-10-09,1284426491,15857117.17,0.0,2,10
2024-10-10,250184627,16678975.11,0.0,3,10
2024-10-11,333640774,15887655.91,0.0,4,10
2024-10-12,73529648,18382412.08,0.0,5,10
2024-10-13,0,17739027.6,0.0,6,10
2024-10-14,0,17095643.11,0.0,0,10
2024-10-15,164522586,16452258.63,0.0,1,10
2024-10-16,1774821859,15846623.74,0.0,2,10
2024-10-17,680337009,15821790.9,0.0,3,10
2024-10-18,2873922059,15704492.13,1.0,4,10
2024-10-19,2701483185,15706297.59,1.0,5,10
2024-10-20,0,15806018.58,0.0,6,10
2024-10-21,2656258510,15905739.58,0.0,0,10
2024-10-22,2068021342,16031173.19,0.0,1,10
2024-10-23,2113977364,15894566.65,0.0,2,10
2024-10-24,1675556841,16267542.15,0.0,3,10
2024-10-25,2408099907,16161744.34,0.0,4,10
2024-10-26,4500804996,15682247.37,1.0,5,10
2024-10-27,0,15906047.86,0.0,6,10
2024-10-28,2919502552,16129848.35,0.0,0,10
2024-10-29,2804236933,15843146.51,0.0,1,10
2024-10-30,2976675794,15918052.38,0.0,2,10
2024-10-31,2890270565,15968345.67,0.0,3,10
2024-11-01,55147236,18382412.08,0.0,4,11
2024-11-02,974831144,15723082.97,1.0,5,11
2024-11-03,0,16215617.14,0.0,6,11
2024-11-04,0,16708151.31,0.0,0,11
2024-11-05,120404798,17200685.48,0.0,1,11
2024-11-06,2310856935,15720115.21,1.0,2,11
2024-11-07,1234203026,15823115.71,0.0,3,11
2024-11-08,2614166729,15843434.72,0.0,4,11
2024-11-09,2164528998,15684992.74,1.0,5,11
2024-11-10,0,15788739.64,0.0,6,11
2024-11-11,0,15892486.54,0.0,0,11
2024-11-12,831804139,15996233.44,0.0,1,11
2024-11-13,2350562952,15882182.11,0.0,2,11
2024-11-14,3019494971,15808874.19,0.0,3,11
2024-11-15,3057558405,15842271.53,0.0,4,11
2024-11-16,2374464030,15829760.2,0.0,5,11
2024-11-17,2859384165,15625050.08,1.0,6,11
2024-11-18,562501805,17045509.26,0.0,0,11
2024-11-19,2351669846,15997754.05,0.0,1,11
2024-11-20,2416555824,15898393.58,0.0,2,11
2024-11-21,2640821233,15908561.65,0.0,3,11
2024-11-22,2563986698,15827078.38,0.0,4,11
2024-11-23,0,15812328.19,0.0,5,11
2024-11-24,0,15797578.0,0.0,6,11
2024-11-25,2225378720,15782827.8,1.0,0,11
2024-11-26,2937189149,15962984.51,0.0,1,11
2024-11-27,2539925488,15874534.3,0.0,2,11
2024-11-28,1791553810,15996016.16,0.0,3,11
2024-11-29,241912540,16127502.69,0.0,4,11
2024-11-30,277574421,17348401.3,0.0,5,11
2024-12-01,0,16499642.91,0.0,6,12
2024-12-02,1784200836,15650884.52,1.0,0,12
2024-12-03,2720428913,15725022.62,1.0,1,12
2024-12-04,2786957454,15745522.34,1.0,2,12
2024-12-05,1920418455,15741134.88,1.0,3,12
2024-12-06,2184393841,15828940.87,0.0,4,12
2024-12-07,534009069,17226099.0,0.0,5,12
2024-12-08,0,16618676.4,0.0,6,12
2024-12-09,2065451741,16011253.81,0.0,0,12
2024-12-10,2374464036,16152816.57,0.0,1,12
2024-12-11,1890818830,16023888.39,0.0,2,12
2024-12-12,944312391,16005294.77,0.0,3,12
2024-12-13,416729279,16669171.17,0.0,4,12
2024-12-14,735296,16942631.47,0.0,5,12
2024-12-15,0,17216091.78,0.0,6,12
2024-12-16,122426865,17489552.08,0.0,0,12
2024-12-17,191177085,17379734.96,0.0,1,12
2024-12-18,185662360,16878396.4,0.0,2,12
2024-12-19,46875150,15625050.0,1.0,3,12
2024-12-20,36764824,18382412.08,0.0,4,12
2024-12-21,1549637312,15652902.14,1.0,5,12
2024-12-22,2156256905,15625050.04,1.0,6,12
2024-12-23,3799100957,15962609.06,0.0,0,12
2024-12-24,311765710,18339159.39,0.0,1,12
2024-12-25,0,17082292.2,0.0,2,12
2024-12-26,4320341029,15825425.01,0.0,3,12
2024-12-27,673903167,16436662.62,0.0,4,12
2024-12-28,138787210,17348401.3,0.0,5,12
2024-12-29,0,17364068.13,0.0,6,12
2024-12-30,191177085,17379734.96,0.0,0,12
2024-12-31,0,17713960.67,0.0,1,12
2025-01-01,0,18048186.38,0.0,2,1
2025-01-02,18382412,18382412.08,0.0,3,1
2025-01-03,140625450,15625050.0,1.0,4,1
2025-01-04,0,15668133.78,0.0,5,1
2025-01-05,0,15711217.57,0.0,6,1
2025-01-06,0,15754301.35,0.0,0,1
2025-01-07,252758162,15797385.13,1.0,1,1
2025-01-08,0,17089898.61,0.0,2,1
2025-01-09,18382412,18382412.08,0.0,3,1
2025-01-10,2781634457,15627159.87,1.0,4,1
2025-01-11,1984569129,15626528.58,1.0,5,1
2025-01-12,0,15671745.32,0.0,6,1
2025-01-13,1414526586,15716962.07,1.0,0,1
2025-01-14,2413610679,15879017.62,0.0,1,1
2025-01-15,2392838551,15846612.92,0.0,2,1
2025-01-16,535115957,16215635.06,0.0,3,1
2025-01-17,2693023342,15657112.45,1.0,4,1
2025-01-18,1320964065,15725762.68,1.0,5,1
2025-01-19,1828130865,15625050.13,1.0,6,1
2025-01-20,2143756886,15879680.64,0.0,0,1
2025-01-21,1237699637,16285521.54,0.0,1,1
2025-01-22,1174636128,16314390.67,0.0,2,1
2025-01-23,2330968784,15856930.5,0.0,3,1
2025-01-24,2864167534,15824130.02,0.0,4,1
2025-01-25,3292117978,15676752.27,1.0,5,1
2025-01-26,328126053,15625050.13,1.0,6,1
2025-01-27,1193206302,16345291.81,0.0,0,1
2025-01-28,3461971475,15880603.1,0.0,1,1
2025-01-29,2176477564,15886697.55,0.0,2,1
2025-01-30,2325375103,15927226.73,0.0,3,1
2025-01-31,3870784482,16195750.97,0.0,4,1
2025-02-01,1894139507,15654045.51,1.0,5,2
2025-02-02,0,15670529.36,0.0,6,2
2025-02-03,1396144176,15687013.21,1.0,0,2
2025-02-04,366373314,16653332.44,0.0,1,2
2025-02-05,1024635639,16009931.86,0.0,2,2
2025-02-06,2408095949,15842736.51,0.0,3,2
2025-02-07,390626255,17755738.88,0.0,4,2
2025-02-08,2436420655,15718842.94,1.0,5,2
2025-02-09,0,15745111.84,0.0,6,2
2025-02-10,3012333724,15771380.75,0.0,0,2
2025-02-11,1968204831,15745638.65,1.0,1,2
2025-02-12,2641924176,15819905.24,0.0,2,2
2025-02-13,1887873700,15998929.66,0.0,3,2
2025-02-14,2652582036,15789178.78,0.0,4,2
2025-02-15,1795605832,15750928.35,1.0,5,2
2025-02-16,0,15968033.77,0.0,6,2
2025-02-17,1035848908,16185139.19,0.0,0,2
2025-02-18,2654420270,15706628.82,0.0,1,2
2025-02-19,2604056420,15878392.8,0.0,2,2
2025-02-20,2784599326,15821587.08,0.0,3,2
2025-02-21,2264353384,15834639.05,0.0,4,2
2025-02-22,2907553970,15716507.95,1.0,5,2
2025-02-23,0,15708127.09,0.0,6,2
2025-02-24,3516743158,15699746.24,1.0,0,2
2025-02-25,3764717960,15952194.75,0.0,1,2
2025-02-26,3770459925,16044510.32,0.0,2,2
2025-02-27,2967480644,16040435.91,0.0,3,2
2025-02-28,3694129491,16202322.33,0.0,4,2
2025-03-01,1422442872,15631240.36,1.0,5,3
2025-03-02,0,15646167.18,0.0,6,3
2025-03-03,2396147382,15661094.0,1.0,0,3
2025-03-04,1232728483,15804211.32,0.0,1,3
2025-03-05,2515816877,15723855.48,1.0,2,3
2025-03-06,1894495308,15787460.9,1.0,3,3
2025-03-07,2805719363,15941587.29,0.0,4,3
2025-03-08,431067560,16579521.54,0.0,5,3
2025-03-09,0,16210909.14,0.0,6,3
2025-03-10,2613978961,15842296.73,0.0,0,3
2025-03-11,2267470499,15856437.06,0.0,1,3
2025-03-12,3052595149,15816555.17,0.0,2,3
2025-03-13,382354169,17379734.96,0.0,3,3
2025-03-14,240809597,17200685.48,0.0,4,3
2025-03-15,2318941252,15775110.56,1.0,5,3
2025-03-16,0,15845910.55,0.0,6,3
2025-03-17,2116922502,15916710.54,0.0,0,3
2025-03-18,1944315605,15807443.94,0.0,1,3
2025-03-19,1727946714,15852722.15,0.0,2,3
2025-03-20,444123019,16449000.7,0.0,3,3
2025-03-21,143382812,15931423.56,0.0,4,3
2025-03-22,99265024,16544170.69,0.0,5,3
2025-03-23,0,16254976.98,0.0,6,3
2025-03-24,0,15965783.27,0.0,0,3
2025-03-25,1677395082,15676589.55,1.0,1,3
2025-03-26,704046373,16001053.92,0.0,2,3
2025-03-27,2773905939,15671784.97,1.0,3,3
2025-03-28,679625408,17426292.53,0.0,4,3
2025-03-29,2816557094,15823354.46,0.0,5,3
2025-03-30,2609383361,15625050.07,1.0,6,3
2025-03-31,4384389056,16119077.41,0.0,0,3
2025-04-01,2324287940,15704648.25,1.0,1,4
2025-04-02,1658465149,15946780.28,0.0,2,4
2025-04-03,3224462814,15652732.11,1.0,3,4
2025-04-04,1881627623,15811996.83,0.0,4,4
2025-04-05,1077057093,15839074.9,0.0,5,4
2025-04-06,0,16809585.83,0.0,6,4
2025-04-07,320041742,17780096.75,0.0,0,4
2025-04-08,3188800923,15786143.18,0.0,1,4
2025-04-09,337501085,17763215.02,0.0,2,4
2025-04-10,2239165529,15880606.59,0.0,3,4
2025-04-11,2231624800,15940177.14,0.0,4,4
2025-04-12,2583104409,15847266.31,0.0,5,4
2025-04-13,0,16474737.28,0.0,6,4
2025-04-14,478861831,17102208.26,0.0,0,4
2025-04-15,1120779596,16243182.55,0.0,1,4
2025-04-16,621513295,16355613.01,0.0,2,4
2025-04-17,0,16454599.26,0.0,3,4
2025-04-18,0,16553585.51,0.0,4,4
2025-04-19,0,16652571.76,0.0,5,4
2025-04-20,0,16751558.01,0.0,6,4
2025-04-21,151654898,16850544.26,0.0,0,4
2025-04-22,117647436,16806776.61,0.0,1,4
2025-04-23,2687508618,15625050.1,1.0,2,4
2025-04-24,1887326178,15994289.64,0.0,3,4
2025-04-25,2543394453,15797481.07,0.0,4,4
2025-04-26,3956270577,15637433.11,1.0,5,4
2025-04-27,3031823029,15627953.76,1.0,6,4
2025-04-28,3597621821,15989430.31,0.0,0,4
2025-04-29,3378687304,15937204.26,0.0,1,4
2025-04-30,3111223214,16037233.06,0.0,2,4
2025-05-01,0,15946031.62,0.0,3,5
2025-05-02,190257962,15854830.17,0.0,4,5
2025-05-03,2578133265,15625050.09,1.0,5,5
2025-05-04,0,15713392.73,0.0,6,5
2025-05-05,1627578742,15801735.36,0.0,0,5
2025-05-06,2269308744,15759088.5,0.0,1,5
2025-05-07,3515092695,15762747.51,0.0,2,5
2025-05-08,2323912404,16026982.1,0.0,3,5
2025-05-09,162684347,18076038.52,0.0,4,5
2025-05-10,1841917666,15742886.03,1.0,5,5
2025-05-11,0,15749935.26,0.0,6,5
2025-05-12,2064164967,15756984.48,1.0,0,5
2025-05-13,708641980,16872428.09,0.0,1,5
2025-05-14,444854369,17109783.43,0.0,2,5
2025-05-15,268047151,16752946.95,0.0,3,5
2025-05-16,18382412,18382412.08,0.0,4,5
2025-05-17,68014924,17003731.04,0.0,5,5
2025-05-18,0,16905253.82,0.0,6,5
2025-05-19,117647436,16806776.61,0.0,0,5
2025-05-20,1677395082,15676589.55,1.0,1,5
2025-05-21,635296155,16289645.01,0.0,2,5
2025-05-22,2123356337,15728565.46,1.0,3,5
2025-05-23,947069755,16052029.74,0.0,4,5
2025-05-24,4260141073,16015567.94,1.0,5,5
2025-05-25,0,16155256.19,0.0,6,5
2025-05-26,1564314666,16294944.44,0.0,0,5
2025-05-27,1823276298,16279252.66,0.0,1,5
2025-05-28,2045832452,16108916.94,1.0,2,5
2025-05-29,4223375259,16243751.0,0.0,3,5
2025-05-30,3278031215,16390156.08,0.0,4,5
2025-05-31,3854938226,16197219.44,0.0,5,5
2025-06-01,0,16168801.2,0.0,6,6
2025-06-02,0,16140382.96,0.0,0,6
2025-06-03,386687153,16111964.71,1.0,1,6
2025-06-04,946047944,16034710.92,1.0,2,6
2025-06-05,3453887669,16064593.81,1.0,3,6
2025-06-06,3249939954,16168855.49,1.0,4,6
2025-06-07,1339461235,16536558.45,0.0,5,6
2025-06-08,0,16378192.21,0.0,6,6
2025-06-09,4590210747,16219825.96,0.0,0,6
2025-06-10,2126939502,16361073.09,0.0,1,6
2025-06-11,2150855735,15932264.7,0.0,2,6
2025-06-12,1441392308,16195419.19,0.0,3,6
2025-06-13,342734928,18038680.44,0.0,4,6
2025-06-14,2386887608,16127618.97,1.0,5,6
2025-06-15,0,16148199.57,0.0,6,6
2025-06-16,3249924814,16168780.17,1.0,0,6
2025-06-17,1395506741,16417726.37,0.0,1,6
2025-06-18,2741354161,16221030.54,0.0,2,6
2025-06-19,3064581160,16214715.13,0.0,3,6
2025-06-20,785648280,17079310.44,0.0,4,6
2025-06-21,1348352728,16245213.59,0.0,5,6
2025-06-22,2674404922,16014400.73,1.0,6,6
2025-06-23,0,16184281.69,0.0,0,6
2025-06-24,2780207651,16354162.65,0.0,1,6
2025-06-25,2587276863,16375170.02,0.0,2,6
2025-06-26,2886898749,16218532.3,0.0,3,6
2025-06-27,3431364499,16262390.99,0.0,4,6
2025-06-28,3178836684,16556441.06,0.0,5,6
2025-06-29,3843368424,16014035.1,1.0,6,6
2025-06-30,0,17426576.22,0.0,0,6
2025-07-01,37678235,18839117.35,0.0,1,7
2025-07-02,1481696568,16105397.47,1.0,2,7
2025-07-03,1149294618,16418494.54,0.0,3,7
2025-07-04,619806956,16310709.37,0.0,4,7
2025-07-05,2215480183,16054204.23,1.0,5,7
2025-07-06,0,16156804.92,0.0,6,7
2025-07-07,2699061333,16259405.62,0.0,0,7
2025-07-08,3959228873,16360449.89,0.0,1,7
2025-07-09,3170623427,16259607.32,0.0,2,7
2025-07-10,1904238979,16415853.27,0.0,3,7
2025-07-11,5043612303,16165424.05,1.0,4,7
2025-07-12,988492326,16474872.1,0.0,5,7
2025-07-13,0,16369998.83,0.0,6,7
2025-07-14,3334350738,16265125.55,0.0,0,7
2025-07-15,1683655752,16506428.94,0.0,1,7
2025-07-16,166726188,18525132.05,0.0,2,7
2025-07-17,2835287138,16109586.01,1.0,3,7
2025-07-18,1874872790,16303241.66,0.0,4,7
2025-07-19,2824748770,16141421.54,1.0,5,7
2025-07-20,0,16202516.56,0.0,6,7
2025-07-21,2472068960,16263611.58,0.0,0,7
2025-07-22,1523334864,16379944.77,0.0,1,7
2025-07-23,321206950,17844830.58,0.0,2,7
2025-07-24,4208293537,16123730.03,1.0,3,7
2025-07-25,312917738,17384318.76,0.0,4,7
2025-07-26,2373171284,16034941.11,1.0,5,7
2025-07-27,2802318682,16013249.61,1.0,6,7
2025-07-28,1329103567,16613794.59,0.0,0,7
2025-07-29,2919256363,16128488.2,1.0,1,7
2025-07-30,3591530263,16251268.16,0.0,2,7
2025-07-31,5372460637,16230998.9,0.0,3,7
2025-08-01,595316103,16089624.42,1.0,4,8
2025-08-02,706824688,16064197.47,1.0,5,8
2025-08-03,0,16062376.77,0.0,6,8
2025-08-04,2746355087,16060556.07,1.0,0,8
2025-08-05,4266118089,16098558.83,1.0,1,8
2025-08-06,3389903179,16297611.44,0.0,2,8
2025-08-07,0,16492463.44,0.0,3,8
2025-08-08,2019165168,16687315.44,0.0,4,8
2025-08-09,2294796713,16275153.99,0.0,5,8
2025-08-10,0,16290226.33,0.0,6,8
2025-08-11,2934953761,16305298.67,0.0,0,8
2025-08-12,1983860930,16395544.87,0.0,1,8
2025-08-13,294078620,18379913.77,0.0,2,8
2025-08-14,2434202334,16228015.56,0.0,3,8
2025-08-15,1840954922,16291636.48,0.0,4,8
2025-08-16,2090200053,16078461.94,1.0,5,8
2025-08-17,0,16106509.68,0.0,6,8
2025-08-18,0,16134557.42,0.0,0,8
2025-08-19,4751805915,16162605.15,1.0,1,8
2025-08-20,253197737,18085552.63,0.0,2,8
2025-08-21,2859797223,16341698.42,0.0,3,8
2025-08-22,4258582443,16130994.1,1.0,4,8
2025-08-23,4012720546,16115343.56,1.0,5,8
2025-08-24,0,16315504.86,0.0,6,8
2025-08-25,1585503951,16515666.16,0.0,0,8
2025-08-26,3561516120,16262630.68,0.0,1,8
2025-08-27,2204745732,16453326.36,0.0,2,8
2025-08-28,2268889084,16561234.19,0.0,3,8
2025-08-29,3360906203,16394664.41,0.0,4,8
2025-08-30,5264218370,16197594.98,0.0,5,8
2025-08-31,0,17518356.17,0.0,6,8
2025-09-01,56517352,18839117.35,0.0,0,9
2025-09-02,147887071,18485883.88,0.0,1,9
2025-09-03,7877215456,16043208.67,1.0,2,9
2025-09-04,2316081069,16196371.11,0.0,3,9
2025-09-05,3027642218,16277646.34,0.0,4,9
2025-09-06,320264995,18839117.35,0.0,5,9
2025-09-07,0,17539086.21,0.0,6,9
2025-09-08,3020464244,16239055.08,0.0,0,9
2025-09-09,1035963057,16709081.56,0.0,1,9
2025-09-10,3803998390,16187227.19,0.0,2,9
2025-09-11,1868286792,16533511.44,0.0,3,9
2025-09-12,2911777801,16266915.09,0.0,4,9
2025-09-13,2695312499,16236822.28,0.0,5,9
2025-09-14,0,16330135.18,0.0,6,9
2025-09-15,2874103414,16423448.08,0.0,0,9
2025-09-16,223243540,18603628.37,0.0,1,9
2025-09-17,5996867909,16207751.1,0.0,2,9
2025-09-18,3197940266,16233199.32,0.0,3,9
2025-09-19,3283715819,16336894.62,0.0,4,9
2025-09-20,2672893949,16199357.26,0.0,5,9
2025-09-21,2882577167,16014317.6,1.0,6,9
2025-09-22,1806200364,16570645.54,0.0,0,9
2025-09-23,1086546088,17246763.31,0.0,1,9
2025-09-24,5276656028,16136562.78,1.0,2,9
2025-09-25,3289890424,16286586.26,0.0,3,9
2025-09-26,3162628339,16135858.87,1.0,4,9
2025-09-27,3206990613,16196922.29,0.0,5,9
2025-09-28,0,16360215.03,0.0,6,9
2025-09-29,1982820933,16523507.78,0.0,0,9
2025-09-30,4998959749,16177863.27,1.0,1,9
2025-10-01,101731233,16955205.52,0.0,2,10
2025-10-02,4322462434,16128591.17,1.0,3,10
2025-10-03,3015012318,16297363.88,0.0,4,10
2025-10-04,2472257350,16158544.77,1.0,5,10
2025-10-05,0,16792364.13,0.0,6,10
2025-10-06,418228404,17426183.48,0.0,0,10
2025-10-07,3502584056,16367215.22,0.0,1,10
2025-10-08,188391174,18839117.35,0.0,2,10
2025-10-09,712195548,16562687.16,0.0,3,10
2025-10-10,334394331,16719716.55,0.0,4,10
2025-10-11,18839117,18839117.35,0.0,5,10
2025-10-12,0,18368139.39,0.0,6,10
2025-10-13,0,17897161.44,0.0,0,10
2025-10-14,34852367,17426183.48,0.0,1,10
2025-10-15,393360770,16390032.07,0.0,2,10
2025-10-16,3916479458,16117199.42,1.0,3,10
2025-10-17,2459642836,16397618.9,0.0,4,10
2025-10-18,371479594,18573979.68,0.0,5,10
2025-10-19,0,17583447.24,0.0,6,10
2025-10-20,1294247354,16592914.79,0.0,0,10
2025-10-21,4731082889,16202338.66,0.0,1,10
2025-10-22,2977334085,16358978.49,0.0,2,10
2025-10-23,3060795218,16109448.52,1.0,3,10
2025-10-24,3495790436,16184214.98,0.0,4,10
2025-10-25,3504268037,16223463.13,0.0,5,10
2025-10-26,0,16519946.36,0.0,6,10
2025-10-27,706290043,16816429.59,0.0,0,10
2025-10-28,5359352060,16094150.33,1.0,1,10
2025-10-29,4413274673,16285146.39,0.0,2,10
2025-10-30,2762756541,16347671.84,0.0,3,10
2025-10-31,7052804163,16363814.76,0.0,4,10
2025-11-01,0,16328578.07,0.0,5,11
2025-11-02,0,16293341.37,0.0,6,11
2025-11-03,0,16258104.67,0.0,0,11
2025-11-04,1151823626,16222867.97,0.0,1,11
2025-11-05,3451895291,16055326.93,1.0,2,11
2025-11-06,3111849228,16292404.34,0.0,3,11
2025-11-07,1510708810,16420747.93,0.0,4,11
2025-11-08,0,16439665.06,0.0,5,11
2025-11-09,0,16458582.19,0.0,6,11
2025-11-10,2306849904,16477499.31,0.0,0,11
2025-11-11,1848117402,16801067.29,0.0,1,11
2025-11-12,2648222400,16347051.85,0.0,2,11
2025-11-13,3724964450,16266220.3,0.0,3,11
2025-11-14,2329456843,16289907.99,0.0,4,11
2025-11-15,2312501636,16171340.11,1.0,5,11
2025-11-16,0,16185925.85,0.0,6,11
2025-11-17,0,16200511.58,0.0,0,11
2025-11-18,3178159072,16215097.31,0.0,1,11
2025-11-19,2344147629,16278802.98,0.0,2,11
2025-11-20,4002370449,16138590.52,1.0,3,11
2025-11-21,327800641,18211146.74,0.0,4,11
2025-11-22,4103351964,16091576.33,1.0,5,11
2025-11-23,0,16195527.06,0.0,6,11
2025-11-24,3390291380,16299477.79,0.0,0,11
2025-11-25,4109666914,16243742.74,0.0,1,11
2025-11-26,3091960525,16273476.45,0.0,2,11
2025-11-27,4272923253,16308867.38,0.0,3,11
2025-11-28,2663485929,16240767.86,0.0,4,11
2025-11-29,3636334098,16528791.36,0.0,5,11
2025-11-30,2978656665,16014283.14,1.0,6,11
2025-12-01,94195587,18839117.35,0.0,0,12
2025-12-02,3095364998,16206099.46,0.0,1,12
2025-12-03,2275784587,16140316.22,1.0,2,12
2025-12-04,3286480272,16110197.41,1.0,3,12
2025-12-05,2675154642,16115389.41,1.0,4,12
2025-12-06,2862603861,16172903.17,0.0,5,12
2025-12-07,0,16350731.11,0.0,6,12
2025-12-08,0,16528559.04,0.0,0,12
2025-12-09,1770877020,16706386.98,0.0,1,12
2025-12-10,2373167442,16480329.46,0.0,2,12
2025-12-11,2147282583,16517558.33,0.0,3,12
2025-12-12,3489581221,16306454.3,0.0,4,12
2025-12-13,131873821,18839117.35,0.0,5,12
2025-12-14,0,17484595.75,0.0,6,12
2025-12-15,5355184620,16130074.16,1.0,0,12
2025-12-16,3330390676,16166945.03,1.0,1,12
2025-12-17,3874464382,16211148.04,0.0,2,12
2025-12-18,3684468042,16375413.52,0.0,3,12
2025-12-19,2791113256,16227402.65,0.0,4,12
2025-12-20,2230551477,16281397.65,0.0,5,12
